issue,status,observation,resolution_or_limit,evidence_reference,evidence_scope
protobuf,resolved,TFDS metadata restoration failed with Protobuf 7; dependency checking alone did not expose it.,Pinned Protobuf 6.33.5; all real-data checks passed.,environments/score-sde/README.md; cifar10-validation.json,Documented environment diagnosis and successful real-data validation
python-ml-collections,resolved,Old ML Collections relies on imp removed in Python 3.12.,ML Collections 1.1.0 in the locked environment.,environments/score-sde/requirements-lock.txt,Dependency decision; no original installation exception log retained
setuptools,resolved,TF Hub requires pkg_resources.,Pinned setuptools 80.9.0.,environments/score-sde/README.md,Dependency decision and successful imports
tfgan-estimator,resolved_for_used_path,Modern TensorFlow no longer supplies legacy Estimator imports.,External bootstrap skips the unused TF-GAN Estimator module; teacher compatibility patch remains unchanged.,scripts/reproduction/score_sde_bootstrap.py,Source and completed training/sampling evidence; Estimator GAN training unsupported
gcs-probing,resolved_for_used_path,Optional TFDS GCS metadata probing stalled preparation.,Disable optional probing in preparation/training diagnostic runners; use checksum-verified local dataset.,scripts/reproduction/prepare-cifar10.py,Documented preparation diagnosis and successful data validation
checkpoint-inspection-format,resolved,Early diagnostic comparisons differed on Orbax custom-pytree numbering and empty containers.,Normalize representations for comparison; typed restoration and full-field checks passed.,scripts/reproduction/check-score-sde-resume.py; resume-validation.json,Session-history diagnostic note; original exception logs were not retained
checkpoint-rng-position,explained,Preemption checkpoints are written before validation and regular checkpoints after validation.,Compare each against its matching saved state; validation consumes RNG.,resume-check.md; resume-validation.json,Saved-state field hashes and successful second restart
checkpoint-index-collision,prevented,Quotient-based regular checkpoint names can collide at a shortened final iteration.,200-update runner uses actual state.step and saves final preemption state.,scripts/reproduction/benchmark-score-sde-200.py,Execution adaptation and successful update-200 readback
loss-step-index,accounted_for,Original loop labels are zero-based and include the endpoint.,Preserve NPZ labels; CSV and plot completed updates are label + 1.,results/score-sde/final-summary/loss_history.csv,200 unique TensorBoard training records
validation-comparison,open_scientific_limit,Last validation is update 181 while final training is update 200; both batch-one losses are noisy.,Do not report a same-update final ratio or classify overfitting.,results/score-sde/final-summary/summary.json,Original event-derived values
sampling-counter,accounted_for,Upstream generic return counter is 2000 with no-op corrector.,Record returned counter and actual 1000 score calls separately.,sampling-check.md; sampling-validation.json,Original sampler source plus completed sampling records
sample-saturation,open_training_limit,Approximately 99 percent of RGB components require display clipping.,"Keep unclipped arrays; interpret PNGs as saturated noise, not effective denoising.",results/score-sde/original-200-sampling/,Measured raw array ranges and clipping fractions
speed-drift,observed,Late training median is 8.3 percent slower than the 50-99 update window.,Plan around late-run measurements; longer-run cause not identified.,original-200-updates.md,Synchronized timing CSV; no temperature/clock telemetry
exact-replay,open_reproducibility_limit,Upstream does not persist data iterator state and folds RNG again at restart.,State continuation is verified; identical uninterrupted trajectory is not claimed.,resume-check.md,Original train-loop source and restoration diagnostics
standard-metrics,not_run,Teacher stats helper uses random-weight Inception; no standard pretrained FID/IS/KID evaluation was run.,Retain source; defer numerical-quality claims to an appropriate full-training evaluation.,external/score-sde-reproduction/compute_cifar10_stats.py,Source inspection; no generated standard-metric evidence
