stage,kind,loop_step,actual_update,loss
original-20-updates,eval_loss,0,1,0.9861751794815063
original-20-updates,training_loss,0,1,0.9950305819511414
original-20-updates,training_loss,1,2,0.9798647165298462
original-20-updates,training_loss,2,3,1.0098075866699219
original-20-updates,training_loss,3,4,1.026530385017395
original-20-updates,training_loss,4,5,0.97886723279953
original-20-updates,eval_loss,5,6,1.0025558471679688
original-20-updates,training_loss,5,6,1.0108848810195923
original-20-updates,training_loss,6,7,1.002192735671997
original-20-updates,training_loss,7,8,1.0008997917175293
original-20-updates,training_loss,8,9,0.9495591521263123
original-20-updates,training_loss,9,10,1.0053383111953735
original-20-updates,eval_loss,10,11,1.0024864673614502
original-20-updates,training_loss,10,11,1.0003587007522583
original-20-updates,training_loss,11,12,0.9848405718803406
original-20-updates,training_loss,12,13,1.0305548906326294
original-20-updates,training_loss,13,14,0.9886578917503357
original-20-updates,training_loss,14,15,1.0115854740142822
original-20-updates,eval_loss,15,16,1.0305650234222412
original-20-updates,training_loss,15,16,1.0136783123016357
original-20-updates,training_loss,16,17,1.0540978908538818
original-20-updates,training_loss,17,18,1.0173412561416626
original-20-updates,training_loss,18,19,1.0233662128448486
original-20-updates,training_loss,19,20,1.0203381776809692
resume-check,eval_loss,20,21,0.9714406728744507
resume-check,training_loss,20,21,0.9459205865859985
resume-check,eval_loss,21,22,0.9979989528656006
resume-check,training_loss,21,22,1.0017361640930176
original-200-updates,training_loss,22,23,0.9648630619049072
original-200-updates,training_loss,23,24,1.0195531845092773
original-200-updates,training_loss,24,25,1.051191806793213
original-200-updates,training_loss,25,26,1.0196655988693237
original-200-updates,training_loss,26,27,1.0125327110290527
original-200-updates,training_loss,27,28,0.984938383102417
original-200-updates,training_loss,28,29,1.0107641220092773
original-200-updates,training_loss,29,30,0.9861320853233337
original-200-updates,training_loss,30,31,0.9929544925689697
original-200-updates,training_loss,31,32,1.006699800491333
original-200-updates,training_loss,32,33,0.9931322336196899
original-200-updates,training_loss,33,34,1.0263187885284424
original-200-updates,training_loss,34,35,0.9866430163383484
original-200-updates,training_loss,35,36,0.9737269878387451
original-200-updates,training_loss,36,37,0.9579338431358337
original-200-updates,training_loss,37,38,1.0143544673919678
original-200-updates,training_loss,38,39,1.001504898071289
original-200-updates,training_loss,39,40,0.997712254524231
original-200-updates,eval_loss,40,41,1.0435913801193237
original-200-updates,training_loss,40,41,0.9954664707183838
original-200-updates,training_loss,41,42,0.9926007986068726
original-200-updates,training_loss,42,43,0.9505419731140137
original-200-updates,training_loss,43,44,1.028838872909546
original-200-updates,training_loss,44,45,0.9938074350357056
original-200-updates,training_loss,45,46,0.9573389291763306
original-200-updates,training_loss,46,47,0.9849677085876465
original-200-updates,training_loss,47,48,0.9534994959831238
original-200-updates,training_loss,48,49,0.9825681447982788
original-200-updates,training_loss,49,50,0.9798398017883301
original-200-updates,training_loss,50,51,0.9407273530960083
original-200-updates,training_loss,51,52,1.0324000120162964
original-200-updates,training_loss,52,53,0.9691573977470398
original-200-updates,training_loss,53,54,0.9967953562736511
original-200-updates,training_loss,54,55,1.0469309091567993
original-200-updates,training_loss,55,56,0.9623833894729614
original-200-updates,training_loss,56,57,1.0335376262664795
original-200-updates,training_loss,57,58,0.9683694243431091
original-200-updates,training_loss,58,59,0.9392802715301514
original-200-updates,training_loss,59,60,0.9742782115936279
original-200-updates,eval_loss,60,61,1.0328381061553955
original-200-updates,training_loss,60,61,1.0381039381027222
original-200-updates,training_loss,61,62,0.9823811054229736
original-200-updates,training_loss,62,63,0.9892873764038086
original-200-updates,training_loss,63,64,0.9789538383483887
original-200-updates,training_loss,64,65,0.976987361907959
original-200-updates,training_loss,65,66,1.0381203889846802
original-200-updates,training_loss,66,67,0.9877676963806152
original-200-updates,training_loss,67,68,0.98017418384552
original-200-updates,training_loss,68,69,1.004551887512207
original-200-updates,training_loss,69,70,1.0076124668121338
original-200-updates,training_loss,70,71,0.9988428950309753
original-200-updates,training_loss,71,72,0.9838568568229675
original-200-updates,training_loss,72,73,0.9829921722412109
original-200-updates,training_loss,73,74,1.010136365890503
original-200-updates,training_loss,74,75,0.9549972414970398
original-200-updates,training_loss,75,76,0.9528977870941162
original-200-updates,training_loss,76,77,0.9546863436698914
original-200-updates,training_loss,77,78,1.0301719903945923
original-200-updates,training_loss,78,79,0.9969329833984375
original-200-updates,training_loss,79,80,0.9663426280021667
original-200-updates,eval_loss,80,81,0.9963998794555664
original-200-updates,training_loss,80,81,0.9735153913497925
original-200-updates,training_loss,81,82,1.0028518438339233
original-200-updates,training_loss,82,83,0.9881350994110107
original-200-updates,training_loss,83,84,0.9309744834899902
original-200-updates,training_loss,84,85,0.9901776313781738
original-200-updates,training_loss,85,86,0.9541553258895874
original-200-updates,training_loss,86,87,0.9654151201248169
original-200-updates,training_loss,87,88,0.9714676737785339
original-200-updates,training_loss,88,89,0.9853355884552002
original-200-updates,training_loss,89,90,0.9613765478134155
original-200-updates,training_loss,90,91,1.0198339223861694
original-200-updates,training_loss,91,92,0.9517230987548828
original-200-updates,training_loss,92,93,0.9940383434295654
original-200-updates,training_loss,93,94,0.9590556025505066
original-200-updates,training_loss,94,95,0.9332467317581177
original-200-updates,training_loss,95,96,0.9634981155395508
original-200-updates,training_loss,96,97,0.9240992069244385
original-200-updates,training_loss,97,98,0.9733625650405884
original-200-updates,training_loss,98,99,0.964085578918457
original-200-updates,training_loss,99,100,0.9449597597122192
original-200-updates,eval_loss,100,101,1.0327234268188477
original-200-updates,training_loss,100,101,0.9593440294265747
original-200-updates,training_loss,101,102,0.9954088926315308
original-200-updates,training_loss,102,103,0.9628695249557495
original-200-updates,training_loss,103,104,0.9473799467086792
original-200-updates,training_loss,104,105,1.0092411041259766
original-200-updates,training_loss,105,106,0.9760603308677673
original-200-updates,training_loss,106,107,0.9744638204574585
original-200-updates,training_loss,107,108,0.9483990669250488
original-200-updates,training_loss,108,109,0.9479200839996338
original-200-updates,training_loss,109,110,0.9892372488975525
original-200-updates,training_loss,110,111,0.9359726905822754
original-200-updates,training_loss,111,112,0.93855881690979
original-200-updates,training_loss,112,113,0.9591047167778015
original-200-updates,training_loss,113,114,0.9402303695678711
original-200-updates,training_loss,114,115,0.9721252918243408
original-200-updates,training_loss,115,116,0.9416348934173584
original-200-updates,training_loss,116,117,0.8721293210983276
original-200-updates,training_loss,117,118,0.9313535094261169
original-200-updates,training_loss,118,119,0.9255551099777222
original-200-updates,training_loss,119,120,0.9880433082580566
original-200-updates,eval_loss,120,121,0.9975162744522095
original-200-updates,training_loss,120,121,0.9811054468154907
original-200-updates,training_loss,121,122,0.9701499938964844
original-200-updates,training_loss,122,123,0.968829333782196
original-200-updates,training_loss,123,124,0.8951656222343445
original-200-updates,training_loss,124,125,0.9366241693496704
original-200-updates,training_loss,125,126,0.988640308380127
original-200-updates,training_loss,126,127,0.9410994052886963
original-200-updates,training_loss,127,128,0.9737590551376343
original-200-updates,training_loss,128,129,0.9404090642929077
original-200-updates,training_loss,129,130,0.9757521152496338
original-200-updates,training_loss,130,131,0.9479729533195496
original-200-updates,training_loss,131,132,0.9337430000305176
original-200-updates,training_loss,132,133,0.9614593386650085
original-200-updates,training_loss,133,134,0.9248716235160828
original-200-updates,training_loss,134,135,0.9459929466247559
original-200-updates,training_loss,135,136,0.9360489249229431
original-200-updates,training_loss,136,137,1.0022897720336914
original-200-updates,training_loss,137,138,0.8696949481964111
original-200-updates,training_loss,138,139,0.9463300108909607
original-200-updates,training_loss,139,140,0.9360576868057251
original-200-updates,eval_loss,140,141,0.9968589544296265
original-200-updates,training_loss,140,141,0.933639645576477
original-200-updates,training_loss,141,142,0.9245543479919434
original-200-updates,training_loss,142,143,0.9085558652877808
original-200-updates,training_loss,143,144,0.9213744401931763
original-200-updates,training_loss,144,145,0.8917362093925476
original-200-updates,training_loss,145,146,0.9183480143547058
original-200-updates,training_loss,146,147,0.9151296019554138
original-200-updates,training_loss,147,148,0.9041874408721924
original-200-updates,training_loss,148,149,0.8910984396934509
original-200-updates,training_loss,149,150,0.9047971963882446
original-200-updates,training_loss,150,151,0.9120393991470337
original-200-updates,training_loss,151,152,0.9119317531585693
original-200-updates,training_loss,152,153,0.9025172591209412
original-200-updates,training_loss,153,154,0.9058327078819275
original-200-updates,training_loss,154,155,0.8975922465324402
original-200-updates,training_loss,155,156,0.8193851709365845
original-200-updates,training_loss,156,157,0.9178400039672852
original-200-updates,training_loss,157,158,0.9225351810455322
original-200-updates,training_loss,158,159,0.8939163088798523
original-200-updates,training_loss,159,160,0.8751257658004761
original-200-updates,eval_loss,160,161,0.9535908102989197
original-200-updates,training_loss,160,161,0.8846230506896973
original-200-updates,training_loss,161,162,0.8860734701156616
original-200-updates,training_loss,162,163,0.9059436321258545
original-200-updates,training_loss,163,164,0.9124608039855957
original-200-updates,training_loss,164,165,0.9111588001251221
original-200-updates,training_loss,165,166,0.8979772329330444
original-200-updates,training_loss,166,167,0.8299120664596558
original-200-updates,training_loss,167,168,0.9098700284957886
original-200-updates,training_loss,168,169,0.9161285758018494
original-200-updates,training_loss,169,170,0.9002465605735779
original-200-updates,training_loss,170,171,0.9059075713157654
original-200-updates,training_loss,171,172,0.8716453909873962
original-200-updates,training_loss,172,173,0.8752431273460388
original-200-updates,training_loss,173,174,0.9023288488388062
original-200-updates,training_loss,174,175,0.8666969537734985
original-200-updates,training_loss,175,176,0.8833915591239929
original-200-updates,training_loss,176,177,0.8761732578277588
original-200-updates,training_loss,177,178,0.9223551750183105
original-200-updates,training_loss,178,179,0.9905633926391602
original-200-updates,training_loss,179,180,0.8899137377738953
original-200-updates,eval_loss,180,181,0.9887334704399109
original-200-updates,training_loss,180,181,0.8372268080711365
original-200-updates,training_loss,181,182,0.901699960231781
original-200-updates,training_loss,182,183,0.8397392630577087
original-200-updates,training_loss,183,184,0.8348817825317383
original-200-updates,training_loss,184,185,0.8608794212341309
original-200-updates,training_loss,185,186,0.8527345061302185
original-200-updates,training_loss,186,187,0.8529390692710876
original-200-updates,training_loss,187,188,0.8605894446372986
original-200-updates,training_loss,188,189,0.8546704649925232
original-200-updates,training_loss,189,190,0.828001856803894
original-200-updates,training_loss,190,191,0.8559746146202087
original-200-updates,training_loss,191,192,0.9068082571029663
original-200-updates,training_loss,192,193,0.8329009413719177
original-200-updates,training_loss,193,194,0.8669833540916443
original-200-updates,training_loss,194,195,0.8615831732749939
original-200-updates,training_loss,195,196,0.8446171283721924
original-200-updates,training_loss,196,197,0.8290311098098755
original-200-updates,training_loss,197,198,0.8543037176132202
original-200-updates,training_loss,198,199,0.85223388671875
original-200-updates,training_loss,199,200,0.8441149592399597
