elapsed_seconds,process_tree_rss_kib,process_count
0.013,55088,2
2.03,481296,10
4.055,1969920,10
6.098,2535760,10
8.176,3555088,10
10.262,3641248,10
12.28,3279072,10
14.362,6350368,10
16.421,3736608,10
18.449,5800384,10
20.509,3846272,10
22.528,3816864,10
24.574,6062864,10
26.627,3586416,10
28.663,5414400,10
30.72,6830144,10
32.741,3594720,10
34.853,7065344,10
36.907,5480240,10
38.958,3550336,10
40.983,6207104,10
43.064,3970080,10
45.116,3309376,10
47.173,7265904,10
49.215,3770048,10
51.24,6922448,10
53.299,4263696,10
55.344,6323056,10
57.411,4083008,10
59.428,3456000,10
61.493,7349872,10
63.544,3637808,10
65.583,5498384,10
67.64,3624640,10
69.659,3368336,10
71.691,6716096,10
73.746,4648176,10
75.765,3425488,10
77.783,3394176,10
79.803,3697136,10
81.824,3887824,10
83.844,3961840,10
85.857,5180224,10
87.893,5847328,10
90.082,4124112,10
92.117,5514784,10
94.155,5916784,10
96.169,4840784,10
98.182,4555056,10
100.204,4120208,10
102.219,3626544,10
104.25,4283648,10
106.31,2855536,10
108.351,3080960,10
110.374,2809376,10
112.57,4279280,10
114.595,4500512,10
116.63,2887216,10
118.657,4754704,10
120.869,3390496,10
122.888,4796368,10
124.913,3257088,10
126.951,1245008,4
