upstream_repository,upstream_path,local_repository_path,mode,git_blob_sha1,sha256,bytes,status
external/score-sde-reproduction,.gitignore,external/score-sde-reproduction/.gitignore,100644,a13f389076aef5d131ab64e106ad7491e7277b86,27c9b41805832b31a4d70a174a1fefde0c770bab84d4844f334b54525e958189,374,exact_match
external/score-sde-reproduction,.gitmodules,external/score-sde-reproduction/.gitmodules,100644,a032309deaeffc535d53da332f81c99102aa3fb4,7a102b44a30987c1909444a344932ca028f9e6f3f4cb5f7115dbd5cc4c36dc03,92,exact_match
external/score-sde-reproduction,README.md,external/score-sde-reproduction/README.md,100644,c130ee4a55bd00dd2afa95d1836767f5cf5e15d6,6a447514d444f7f489031c684281b3e80280c69ebfba09fde1b3f49b1d9fb4ff,3595,exact_match
external/score-sde-reproduction,REPRODUCE_CN.md,external/score-sde-reproduction/REPRODUCE_CN.md,100644,7ba5b6418fcc14b6dcae66851058825da0b7d94a,7661e8ce9c99c003996986d2a2375fff15f7b8b2fb1efb5708e212d0f2fdd473,8158,exact_match
external/score-sde-reproduction,compat_patch.py,external/score-sde-reproduction/compat_patch.py,100644,ac98eebd9f91587adb20b46d451a276871b0cfd0,2a6c20e2555cd9b0cd253989334c39212c6e2816c7a555e7359f3f4beabb1cfb,12818,exact_match
external/score-sde-reproduction,compute_cifar10_stats.py,external/score-sde-reproduction/compute_cifar10_stats.py,100644,9629663fe09e5ce91d0d7e7de484aa521ca561e1,5ed0bfff73f6b855015eaa2085ffcb63ff249336c3835e0f48b59496ef5284de,4318,exact_match
external/score-sde-reproduction,exp/vp_cifar10_ncsnpp/loss_curve.png,external/score-sde-reproduction/exp/vp_cifar10_ncsnpp/loss_curve.png,100644,3020c3330a2382bd614e9d4dad505402db7de469,8333f55790655462432abc012ac4918e8de89cf82e6c9bd30a537147f0f66e1d,156162,exact_match
external/score-sde-reproduction,exp/vp_cifar10_ncsnpp/loss_history.npz,external/score-sde-reproduction/exp/vp_cifar10_ncsnpp/loss_history.npz,100644,290fc1ec5d757289b6040f6ca62a8ca01293f2c7,86d712c0a5ae8463f438e9c64f76cc2fa9b3b43059fb6982d62a86625bce82ea,103790,exact_match
external/score-sde-reproduction,exp/vp_cifar10_ncsnpp/samples/iter_100000_host_0/sample.np,external/score-sde-reproduction/exp/vp_cifar10_ncsnpp/samples/iter_100000_host_0/sample.np,100644,f44dee04a22d040365cb5c2d249788806115526c,1de4fb2705a8509f0bfb613f7db89ea89c220c6185d6a35b7803cd652a332dac,393344,exact_match
external/score-sde-reproduction,exp/vp_cifar10_ncsnpp/samples/iter_100000_host_0/sample.png,external/score-sde-reproduction/exp/vp_cifar10_ncsnpp/samples/iter_100000_host_0/sample.png,100644,6aa0febe5c88849d810f4a51182948eb1f7b86cc,e112b618962c41c559e6ab3f876d7ee779c3c578360e2528d9ed19a929013243,283725,exact_match
external/score-sde-reproduction,exp/vp_cifar10_ncsnpp/samples/iter_150000_host_0/sample.np,external/score-sde-reproduction/exp/vp_cifar10_ncsnpp/samples/iter_150000_host_0/sample.np,100644,f47d080ced777bf6ca96d6e9f16cd7c9f38f2d74,76d1660871fd9549ba9293bdcce94255f757e2aef5939fe72ffe8226e7ff937f,393344,exact_match
external/score-sde-reproduction,exp/vp_cifar10_ncsnpp/samples/iter_150000_host_0/sample.png,external/score-sde-reproduction/exp/vp_cifar10_ncsnpp/samples/iter_150000_host_0/sample.png,100644,e0c44c366fa4d3df2b526901f19fbb758ab81b17,847f3e3c4706af089d03cc04d316ffea2014370d69248fdf7132a61987555ed8,285852,exact_match
external/score-sde-reproduction,exp/vp_cifar10_ncsnpp/samples/iter_200000_host_0/sample.np,external/score-sde-reproduction/exp/vp_cifar10_ncsnpp/samples/iter_200000_host_0/sample.np,100644,a21260ef1f13a1b42f5daff5b7b595db6717c35e,629d736f3493943b92526caca89778e449a118d8eabc5f162b610263d551351f,393344,exact_match
external/score-sde-reproduction,exp/vp_cifar10_ncsnpp/samples/iter_200000_host_0/sample.png,external/score-sde-reproduction/exp/vp_cifar10_ncsnpp/samples/iter_200000_host_0/sample.png,100644,6b5298d32413efb562d7782dc3ff04720d812f9e,18309a315231d362cf43b2f3af78c4445bd27e70511cc06ec3d85cff96109795,284694,exact_match
external/score-sde-reproduction,exp/vp_cifar10_ncsnpp/samples/iter_50000_host_0/sample.np,external/score-sde-reproduction/exp/vp_cifar10_ncsnpp/samples/iter_50000_host_0/sample.np,100644,8308d90b57e03fc6352a5fd4dbf18b4d39480695,05b6f60757f55448cddb048ecedb32c1e216acf81fb76d7fc27ef24b27c5380b,393344,exact_match
external/score-sde-reproduction,exp/vp_cifar10_ncsnpp/samples/iter_50000_host_0/sample.png,external/score-sde-reproduction/exp/vp_cifar10_ncsnpp/samples/iter_50000_host_0/sample.png,100644,9681208ae7e4dcf1142b8b485fb2707252cf7558,228c874abf1c5d5e6ad1cf5cba2c55e8c206618fa14b040ac343ee8c3a676e35,293607,exact_match
external/score-sde-reproduction,plot_loss.py,external/score-sde-reproduction/plot_loss.py,100644,285df019ebf8636d92ea5076207d7dfd1b7244ff,f1a632f829da9f76a3a4c7ee08a9be5374c9ecf3d82b6cedc828cc7e3787963e,5970,exact_match
external/score-sde-reproduction,run_train.py,external/score-sde-reproduction/run_train.py,100644,c59d3c2cd2b26216f37de164aea54b4fa65796c1,ad4c8197f9b09f5ee198f99528f7387e9a3ecd14d4ca8376d89605c263ff087a,4201,exact_match
external/score-sde-reproduction/score_sde,.gitignore,external/score-sde-reproduction/score_sde/.gitignore,100644,c03f82b5f0213e6effb9ca3398f9c3062e116d99,844146434acd5908b3d2527c0edffa4e0ed3da2ba98d92332214dbe3ad4a8450,254,exact_match
external/score-sde-reproduction/score_sde,LICENSE,external/score-sde-reproduction/score_sde/LICENSE,100644,261eeb9e9f8b2b4b0d119366dda99c6fd7d35c64,c71d239df91726fc519c6eb72d318ec65820627232b2f796219e87dcf35d0ab4,11357,exact_match
external/score-sde-reproduction/score_sde,README.md,external/score-sde-reproduction/score_sde/README.md,100644,acefa05280583c4e4702061e4924e41852001144,f1844b919470528bac87e436e3609b1737c34c88d4c0590cffacf42275e8c182,14362,exact_match
external/score-sde-reproduction/score_sde,Score_SDE_demo.ipynb,external/score-sde-reproduction/score_sde/Score_SDE_demo.ipynb,100644,922f7fb92a45a1eefefe1510cc9e7454cefc65a1,1e18d3bbe5e9b1443378f9274fe546bf8b47d60085c8473893a17d8323aca339,4491998,exact_match
external/score-sde-reproduction/score_sde,assets/bedroom.jpeg,external/score-sde-reproduction/score_sde/assets/bedroom.jpeg,100644,d9d12d92d900f689b1ecdd864c64883579fdf9b8,d78e8deea4d919237be33a3c8f551d64377069a11fb387003a4c4e0cd5eec38e,77639,exact_match
external/score-sde-reproduction/score_sde,assets/celebahq_256.jpg,external/score-sde-reproduction/score_sde/assets/celebahq_256.jpg,100644,9b1838b78ef0e22dfcc32a8f90fb5a36360b57b7,e4e7011975296c56ddbb6fea1cd585d99fce7a30c4609aedd94f7f33e6390cea,73382,exact_match
external/score-sde-reproduction/score_sde,assets/church.jpeg,external/score-sde-reproduction/score_sde/assets/church.jpeg,100644,3776c17d4866926b8630caa69848ef2cfe9dce42,732d5583531a8ea73c17c2d9c3aaa0b3b4f48d3066ae27de5380d87fa59e13fd,124201,exact_match
external/score-sde-reproduction/score_sde,assets/ffhq_1024.jpeg,external/score-sde-reproduction/score_sde/assets/ffhq_1024.jpeg,100644,1d12046c5e7a8deb5cf0476f767cff639441cba4,5cd6991100ae2342cb1e1efeca232cc3ddc78100e1c951ae562e0f28ac2379ee,142695,exact_match
external/score-sde-reproduction/score_sde,assets/ffhq_256.jpg,external/score-sde-reproduction/score_sde/assets/ffhq_256.jpg,100644,123089dcb44a2c9b5275ea3ea0c462bed8d559f8,e2c1dd1e63457079b21f99279c0c589176b04f8d3829f433eea9017d6fea02dd,71775,exact_match
external/score-sde-reproduction/score_sde,assets/ffhq_samples.jpg,external/score-sde-reproduction/score_sde/assets/ffhq_samples.jpg,100644,ec58086d18e656f93befa5826f8bde5dacccedf6,d567ce082d015884f6be1ec50a0a1b6c7cd3b9edb03dc14860c1751a251d6bcb,119981,exact_match
external/score-sde-reproduction/score_sde,assets/schematic.jpg,external/score-sde-reproduction/score_sde/assets/schematic.jpg,100644,0d06c5216e9eab1b5c4be4a921d718e5206d9c50,fb003fa8e5525b96d7d973edddb522284f18f969a1181f9b6ed4fd7f8d06c2b5,519717,exact_match
external/score-sde-reproduction/score_sde,configs/default_celeba_configs.py,external/score-sde-reproduction/score_sde/configs/default_celeba_configs.py,100644,230856e1aa0814b2b7c37946408ba80e9d2f9967,8197c2d6691b4fd08adcfae680ee779452b748833fd98dee2d13d7244bb46fab,1869,exact_match
external/score-sde-reproduction/score_sde,configs/default_cifar10_configs.py,external/score-sde-reproduction/score_sde/configs/default_cifar10_configs.py,100644,664054f2d748a0238c07f2aa2f6a05b5c6d99fd7,1e238fbc29410e63b80a006a1b07726197d09010e93c151f01b68168d3ca393e,1870,exact_match
external/score-sde-reproduction/score_sde,configs/default_lsun_configs.py,external/score-sde-reproduction/score_sde/configs/default_lsun_configs.py,100644,e88c89d079c9155735db53176f37a48f68658d06,7aa51d90161ce943bf425724ff6b8a6131d838eb2c2a38b74ab085b8870ff277,1866,exact_match
external/score-sde-reproduction/score_sde,configs/subvp/cifar10_ddpm_continuous.py,external/score-sde-reproduction/score_sde/configs/subvp/cifar10_ddpm_continuous.py,100644,8e9bd5c7c656db6bd6f2edc6a1bc4e7079e67003,2ebdcbf788c0e3001bac762c535cb01a7403f71f75e16d06ace80dadae60846d,1468,exact_match
external/score-sde-reproduction/score_sde,configs/subvp/cifar10_ddpmpp_continuous.py,external/score-sde-reproduction/score_sde/configs/subvp/cifar10_ddpmpp_continuous.py,100644,6ce7ed075e95fc09c58d5ffdd6b5249e6f695108,2887de8cdde733c8d4cf63d2c3571bb8db61e8134c2d6b7483cf20ce9fbc451a,1848,exact_match
external/score-sde-reproduction/score_sde,configs/subvp/cifar10_ddpmpp_deep_continuous.py,external/score-sde-reproduction/score_sde/configs/subvp/cifar10_ddpmpp_deep_continuous.py,100644,dfc5c34373f6fae81d1ef0aee0801a420e3968b0,ef3a9eb2a29e0a03d09758a2246d9e593cce59f4953a6b3859cec6d9d4959310,1876,exact_match
external/score-sde-reproduction/score_sde,configs/subvp/cifar10_ncsnpp_continuous.py,external/score-sde-reproduction/score_sde/configs/subvp/cifar10_ncsnpp_continuous.py,100644,49d94b720de4295a5fa33c6154bb19812d76b48f,e5298bbb40d314d632f8a5387ba616f16a0123f615f0542825aa95abd32d6390,1843,exact_match
external/score-sde-reproduction/score_sde,configs/subvp/cifar10_ncsnpp_deep_continuous.py,external/score-sde-reproduction/score_sde/configs/subvp/cifar10_ncsnpp_deep_continuous.py,100644,6fb8562725b958bb48770c6d5f7641ef772e5986,27a70fbd15ad6c49abc490aa245678bd67c58aa245881275200d3ffa7b36324a,1857,exact_match
external/score-sde-reproduction/score_sde,configs/ve/bedroom_ncsnpp_continuous.py,external/score-sde-reproduction/score_sde/configs/ve/bedroom_ncsnpp_continuous.py,100644,9ef25e58ac8e5918003a6e506032539d2bd342e9,eb83c1a1c11502a6c0731cd6f0e2c1688693affc3e728f1ae6e53cf16f7a28be,1793,exact_match
external/score-sde-reproduction/score_sde,configs/ve/celeba_ncsnpp.py,external/score-sde-reproduction/score_sde/configs/ve/celeba_ncsnpp.py,100644,4ab338fd015716d3575d30c05223e74e1f87b84c,89917e22d4b915b88754dcf8d5015efb7d246a34cf77349218ec9e9c16217cfb,1753,exact_match
external/score-sde-reproduction/score_sde,configs/ve/celebahq_256_ncsnpp_continuous.py,external/score-sde-reproduction/score_sde/configs/ve/celebahq_256_ncsnpp_continuous.py,100644,59d11d668a266e111672b00f051deb6f76103401,6d3838d9d052f1eb12b3d141ebbd368770223d918b3f663ba6e097aa2a40cf11,1910,exact_match
external/score-sde-reproduction/score_sde,configs/ve/celebahq_ncsnpp_continuous.py,external/score-sde-reproduction/score_sde/configs/ve/celebahq_ncsnpp_continuous.py,100644,31a37693b09810827320ee2f667269c5683d68ac,982974dd5ccec8bef25a3ed4806f52c6acad1c143ddc3f1c4c0dd1f698f13ddb,3184,exact_match
external/score-sde-reproduction/score_sde,configs/ve/church_ncsnpp_continuous.py,external/score-sde-reproduction/score_sde/configs/ve/church_ncsnpp_continuous.py,100644,f133dcf54d5e9d112afc8b9b6adff34a31adf44c,cd1a53713a686a5234c94043fa8344ad80d4c24f83ce8978a1f0ad462b7dcb5d,1823,exact_match
external/score-sde-reproduction/score_sde,configs/ve/cifar10_ddpm.py,external/score-sde-reproduction/score_sde/configs/ve/cifar10_ddpm.py,100644,81387d9410b2d4b2a7d11406f164fe5f4a4c38f9,3fa20494bfb37ef60a32d387d2d971346ed13c9217b66fafdedb5ead01f0508d,1418,exact_match
external/score-sde-reproduction/score_sde,configs/ve/cifar10_ncsnpp.py,external/score-sde-reproduction/score_sde/configs/ve/cifar10_ncsnpp.py,100644,8cc8f7a15424ba43291b18e87f2de1591b5952e8,abdfe7bba9531d7efa8b4d6fe76ca31b7e24ba316038f33e1d83af2964134a86,1731,exact_match
external/score-sde-reproduction/score_sde,configs/ve/cifar10_ncsnpp_continuous.py,external/score-sde-reproduction/score_sde/configs/ve/cifar10_ncsnpp_continuous.py,100644,0b9f2faaebc9e8fb88665486b01a08408c2d1b9b,b3b358897c6dc5173cd9e5acb2332e5f78a0b8a88999f64891dcd7ff94dc4165,1719,exact_match
external/score-sde-reproduction/score_sde,configs/ve/cifar10_ncsnpp_deep_continuous.py,external/score-sde-reproduction/score_sde/configs/ve/cifar10_ncsnpp_deep_continuous.py,100644,910e93e2218faab5523cc37d8f18bff236ff2f3c,38d2f7ccef6fbc050c7b443f27e7d163dffd09b4bced8723f2ee903961e3b364,1749,exact_match
external/score-sde-reproduction/score_sde,configs/ve/ffhq_256_ncsnpp_continuous.py,external/score-sde-reproduction/score_sde/configs/ve/ffhq_256_ncsnpp_continuous.py,100644,265a584f872cefe1e7ceb062aa46f471abe1c316,f4b36cf04438969d331788fcef126b812deeb6b5d96b52b94b4a47d0f67ce67f,1907,exact_match
external/score-sde-reproduction/score_sde,configs/ve/ffhq_ncsnpp_continuous.py,external/score-sde-reproduction/score_sde/configs/ve/ffhq_ncsnpp_continuous.py,100644,cf2dd7c41b848c2ea0a7f9bd453ecd117c72fc61,1be60f1453f9b72dd2ac329a74613e02de223e3c0333376104e458374c37b5f9,3229,exact_match
external/score-sde-reproduction/score_sde,configs/ve/ncsn/celeba.py,external/score-sde-reproduction/score_sde/configs/ve/ncsn/celeba.py,100644,903775a1560a6a3eb9e50023b36835ad0b4e6783,94036f68c8659b4aa8a78e8fe31ffdd3fb91b58a6f83b339e5bff759dd699624,1575,exact_match
external/score-sde-reproduction/score_sde,configs/ve/ncsn/celeba_124.py,external/score-sde-reproduction/score_sde/configs/ve/ncsn/celeba_124.py,100644,c40ef7cf89bbef5c076aedd9a8cfc224a1d893fd,801ffa3f12b864323d8e2b57c2ddcb7dfd14075458d5a177af01a0ef4c1001e4,1562,exact_match
external/score-sde-reproduction/score_sde,configs/ve/ncsn/celeba_1245.py,external/score-sde-reproduction/score_sde/configs/ve/ncsn/celeba_1245.py,100644,d7463ae5f0b1607401d7677182934f2b9f27e5e4,c993f6bd91fb326173dd65b1f8262efa9480fd1d7c88ae951bd8c2cdf6132b6b,1564,exact_match
external/score-sde-reproduction/score_sde,configs/ve/ncsn/celeba_5.py,external/score-sde-reproduction/score_sde/configs/ve/ncsn/celeba_5.py,100644,a3a6fd9ea081fb4897d27d6c18702d74b6ce915d,ea0885b21cdab8502d304865b1aaf1782661d6187c96951ab6f869b45e1e993c,1593,exact_match
external/score-sde-reproduction/score_sde,configs/ve/ncsn/cifar10.py,external/score-sde-reproduction/score_sde/configs/ve/ncsn/cifar10.py,100644,b887d6881c6826c1ccace66dad32d82ff2e4d34b,ab701a56a2870db1c856ee0e65bd2493e8481c5e9d83e17f09c24acebeb0a473,1577,exact_match
external/score-sde-reproduction/score_sde,configs/ve/ncsn/cifar10_124.py,external/score-sde-reproduction/score_sde/configs/ve/ncsn/cifar10_124.py,100644,423094fab4bf6408fea53f6f80b4ba1ec5914690,8445e9ff19fd2eeb7e446f8d1a2a2975480a1dfd12b45f82e6f622b2cf005495,1563,exact_match
external/score-sde-reproduction/score_sde,configs/ve/ncsn/cifar10_1245.py,external/score-sde-reproduction/score_sde/configs/ve/ncsn/cifar10_1245.py,100644,19bff349aa1b1da13d97cadccafa8ff721a726d6,69b1de81e9eb6293db82bff7caf1b0f3e703e1095996543e20cea1263f78309b,1715,exact_match
external/score-sde-reproduction/score_sde,configs/ve/ncsn/cifar10_5.py,external/score-sde-reproduction/score_sde/configs/ve/ncsn/cifar10_5.py,100644,c641a2a182bd3baec1bb1ac09397e64517457b40,f4161841fc4c3233dbcb5543d34056a471c68cd1117a143a6067ee46b3905615,1585,exact_match
external/score-sde-reproduction/score_sde,configs/ve/ncsnv2/bedroom.py,external/score-sde-reproduction/score_sde/configs/ve/ncsnv2/bedroom.py,100644,893e614379bc72d3fbe435d86f43a48661fe48ea,f69d42bce05236c1f13fa7ee97cfc5fd9a23fff8d90f5549c44b61937510d958,1716,exact_match
external/score-sde-reproduction/score_sde,configs/ve/ncsnv2/celeba.py,external/score-sde-reproduction/score_sde/configs/ve/ncsnv2/celeba.py,100644,d7b79aaae31e6ae89d7b913bdc52a00d46559ee4,576037408a8821b3ed2e96112c2ca81da8e1a861907138310a16fa0551f5d47c,1702,exact_match
external/score-sde-reproduction/score_sde,configs/ve/ncsnv2/cifar10.py,external/score-sde-reproduction/score_sde/configs/ve/ncsnv2/cifar10.py,100644,5d87c5eac3841b62cec33a7f8ff0b415eb9abc1b,7ad31994bd8fc0b5f7cacd9a594cd4ffe166ee89560983fd29e8717731b928d6,1558,exact_match
external/score-sde-reproduction/score_sde,configs/vp/cifar10_ddpmpp.py,external/score-sde-reproduction/score_sde/configs/vp/cifar10_ddpmpp.py,100644,ccdcef4abb37b299e4a5f4f4421b149675b73580,3e85ff2cee8154979089adc5f450136c934738875cd8407095c04887a71e0885,1850,exact_match
external/score-sde-reproduction/score_sde,configs/vp/cifar10_ddpmpp_continuous.py,external/score-sde-reproduction/score_sde/configs/vp/cifar10_ddpmpp_continuous.py,100644,1936916b9e56a5cbf440db5cd1fc5f7c4b00d8b4,fdb24b9d6c06bbb655054717a9d14be8c8fb3d1b54de662078a4e6dfba9709eb,1845,exact_match
external/score-sde-reproduction/score_sde,configs/vp/cifar10_ddpmpp_deep_continuous.py,external/score-sde-reproduction/score_sde/configs/vp/cifar10_ddpmpp_deep_continuous.py,100644,3cf7fd3c91c42fd791414502f43809f4d3bed0e8,4dc4694e11396ef29f6b139744d3336e235ec3f428e5759cad61a0b92deb6bf9,1873,exact_match
external/score-sde-reproduction/score_sde,configs/vp/cifar10_ncsnpp.py,external/score-sde-reproduction/score_sde/configs/vp/cifar10_ncsnpp.py,100644,bee2f10b903fd5197e356992e8ffc933bf28eae0,ad354a3758b6e18c74b6557ee3ebc1a8fe2a18b3c104bb9a4f3d68b95b5bd68c,1813,exact_match
external/score-sde-reproduction/score_sde,configs/vp/cifar10_ncsnpp_continuous.py,external/score-sde-reproduction/score_sde/configs/vp/cifar10_ncsnpp_continuous.py,100644,8ea9fe49592bbe4d5566a43db0ee4dcfc256add9,c7440ec259aead6e5a1afe650a2b0b2202e22a422c1cb6e872d2485eb986a062,1836,exact_match
external/score-sde-reproduction/score_sde,configs/vp/cifar10_ncsnpp_deep_continuous.py,external/score-sde-reproduction/score_sde/configs/vp/cifar10_ncsnpp_deep_continuous.py,100644,59eb95971e2bf525b64a2ea40e1771fc3b5f0df8,5cb31386bf93f91f76337d6fbff0e4ea1526bc57590044eafa62965ccad61202,1854,exact_match
external/score-sde-reproduction/score_sde,configs/vp/ddpm/bedroom.py,external/score-sde-reproduction/score_sde/configs/vp/ddpm/bedroom.py,100644,9a8405867fc22e13864e15eafd6ada22237701b6,1d5c1363f3918d7bdf31bc3f2299dbf38a31d843f1026f938dfdec8dea770756,1609,exact_match
external/score-sde-reproduction/score_sde,configs/vp/ddpm/celebahq.py,external/score-sde-reproduction/score_sde/configs/vp/ddpm/celebahq.py,100644,29eba365b4e65990f6bbaf79c7bb99f3a18148d9,5e9fd0f291a8758e981e7d50b1df63d69af48f7e0ef74733ece92f45882ae278,1702,exact_match
external/score-sde-reproduction/score_sde,configs/vp/ddpm/church.py,external/score-sde-reproduction/score_sde/configs/vp/ddpm/church.py,100644,24c4593a313f0a471fe305d7fc6e5a6809bc5604,2ef85ffef2c39767e77de825f87d3b166c8dcd4b6d47a4f6095b3d1eb2807de9,1622,exact_match
external/score-sde-reproduction/score_sde,configs/vp/ddpm/cifar10.py,external/score-sde-reproduction/score_sde/configs/vp/ddpm/cifar10.py,100644,043cce7573b115c38d8e721f7cd5b7f4d339f9be,707d7bffa3d94cf61fbd2c9f4005d1571d13bbe5f9ad26f269d16cd8d15c1c9d,1500,exact_match
external/score-sde-reproduction/score_sde,configs/vp/ddpm/cifar10_continuous.py,external/score-sde-reproduction/score_sde/configs/vp/ddpm/cifar10_continuous.py,100644,ee3d04186878a2cd64c1d3addd1226ab1d83b0bd,43db39073a131254bf009696a58652fcf2da2fe9b1a96790f37f564897a883a7,1461,exact_match
external/score-sde-reproduction/score_sde,configs/vp/ddpm/cifar10_unconditional.py,external/score-sde-reproduction/score_sde/configs/vp/ddpm/cifar10_unconditional.py,100644,e24722bdaceb47d7a20b49db9fcafb8218b35496,a6f5fad3ebf8507cfd9f0d9c9de3ac045134594daadee0c2ae0cced8ce22f396,1534,exact_match
external/score-sde-reproduction/score_sde,controllable_generation.py,external/score-sde-reproduction/score_sde/controllable_generation.py,100644,ea4a24724eb28373982903d801aa73a10219dd0a,6cb6c32b4f1386c3924a4121d4e6bf40b4f65dff14b477de2da6eb85211e0b46,13871,exact_match
external/score-sde-reproduction/score_sde,datasets.py,external/score-sde-reproduction/score_sde/datasets.py,100644,26b4b2a49e14d7c7132305d83963f19d0c71886f,76a5c3bc7debaf527152d55a59b6991048d974bf20f25107cc60e65854572a9f,7783,exact_match
external/score-sde-reproduction/score_sde,evaluation.py,external/score-sde-reproduction/score_sde/evaluation.py,100644,982e0d0ef0391bdba2a44d3266da29c6c1d475fc,6a9d880c02187bc8dc2c51f2f37ff0fde5ee4287a25316ff8e26a69b940194af,4952,exact_match
external/score-sde-reproduction/score_sde,likelihood.py,external/score-sde-reproduction/score_sde/likelihood.py,100644,e44ca32d664c422cc872e49ea6c5adac57708f44,d484811fdf2c10302c4a58a4ea1ed28b816c707ef606ed0381494e2dd99c2662,5369,exact_match
external/score-sde-reproduction/score_sde,losses.py,external/score-sde-reproduction/score_sde/losses.py,100644,b420152949341d7470276433c43fed7ab83d09aa,b850e47c97112c91eac10ba861deda2f712b9dc94d0d33bef96d8518f2acfa0e,10250,exact_match
external/score-sde-reproduction/score_sde,main.py,external/score-sde-reproduction/score_sde/main.py,100644,489d366f0bc0e769263b61e9b5ad5f6a6eae790a,1243ff9c79dc7b8daa7741ee59a4d9c445ba6b367e892fa87bfd0afbf6fbfb96,2267,exact_match
external/score-sde-reproduction/score_sde,models/__init__.py,external/score-sde-reproduction/score_sde/models/__init__.py,100644,9a198046280b17bea735155aff5f8d4a0ab6f4da,b4d83f5cadbd1300480ce723b2bb572a7f5fff13017473bfd8d5c95969fa347f,608,exact_match
external/score-sde-reproduction/score_sde,models/ddpm.py,external/score-sde-reproduction/score_sde/models/ddpm.py,100644,20a09433a1a002ece37516c4608954ddb868e1b8,446b32ff40bc5d3c4f8ba14b4cb7ac34d5be6288819eb9527b7fd2b3466a1f3a,3914,exact_match
external/score-sde-reproduction/score_sde,models/layers.py,external/score-sde-reproduction/score_sde/models/layers.py,100644,1678c4e24294d06f96a89298572b9685ef980b2a,1d4a7815633d09e0ee22d1ab4a7ef172163141d8fae50c286c65f9aab7180d7d,18437,exact_match
external/score-sde-reproduction/score_sde,models/layerspp.py,external/score-sde-reproduction/score_sde/models/layerspp.py,100644,1edc7028eb507deba4b5f7aa7f690d1a55d24a53,8348f7b3bfbc2331d60670c6f7ddfcc8e564d4660f6cefe22d0114094bd134b4,7004,exact_match
external/score-sde-reproduction/score_sde,models/ncsnpp.py,external/score-sde-reproduction/score_sde/models/ncsnpp.py,100644,29ead6dbf68c4981872cb38b720b7d5373f8de5d,911250db7cefb66a81046026138977a42215bb7248afbc2121b97e04da5de817,8943,exact_match
external/score-sde-reproduction/score_sde,models/ncsnv2.py,external/score-sde-reproduction/score_sde/models/ncsnv2.py,100644,c0d64ea0e7c2f232a46942ab2fa6e8b8b12a2531,7fad4f11735e1ac7b0379f1483b791c1a087082c858e6d124e60b4420a8a8aa8,13574,exact_match
external/score-sde-reproduction/score_sde,models/normalization.py,external/score-sde-reproduction/score_sde/models/normalization.py,100644,94549edfe2cf4ef8012acd4b1a66777ebb6e4285,35a9621ff3eac6e4b71bf72f881bb1eb9aa383b5422021f75ed3d54b90312729,4970,exact_match
external/score-sde-reproduction/score_sde,models/up_or_down_sampling.py,external/score-sde-reproduction/score_sde/models/up_or_down_sampling.py,100644,cfe44051bd683e3ee5b15e0c57cd5d29ee544893,fc76fe3b2012fe4c3be1a8f4257f851bcd6cb6143ada8c98f1b6621525414f2f,14254,exact_match
external/score-sde-reproduction/score_sde,models/utils.py,external/score-sde-reproduction/score_sde/models/utils.py,100644,971d2f5f6fccce458c753f1a8cd6e92d26a9d0cb,600174045459d9bc7953f6d3d806cbd648f75311f125bc7f0a67a99cb6be0bc3,9967,exact_match
external/score-sde-reproduction/score_sde,models/wideresnet_noise_conditional.py,external/score-sde-reproduction/score_sde/models/wideresnet_noise_conditional.py,100644,bdb0f5d0c56ae8daf75708c6252e2625c46dd5c1,3d39f52a97f60d03b9d30062f54f524dd33cd01aadd9089e5396a364c4b615e6,10550,exact_match
external/score-sde-reproduction/score_sde,requirements.txt,external/score-sde-reproduction/score_sde/requirements.txt,100644,65beedca2de63757a92c77b4d249d0969c997c9f,ac1614aa640fa5c1d1bd94d5e8074b221b07b2dc6be8fb38478ba501ce04f04e,202,exact_match
external/score-sde-reproduction/score_sde,run_lib.py,external/score-sde-reproduction/score_sde/run_lib.py,100644,df13d89afb5d03b0cb25c5fa925421395cc76fd5,be5528e01fdb090b81fc05269d045faa63e83e93691bf4f9db08043d3c2a60ba,26361,exact_match
external/score-sde-reproduction/score_sde,sampling.py,external/score-sde-reproduction/score_sde/sampling.py,100644,3a79aa01b57478535eb25cfbfc380043304d77dd,49341bc497c0ab8959beaec4d92edaff53976db18cfff347740da15b727f2ee6,19523,exact_match
external/score-sde-reproduction/score_sde,sde_lib.py,external/score-sde-reproduction/score_sde/sde_lib.py,100644,bd7291a8f4d3a7addeb292d8df44c7579ddfddf6,e8c840d9cad979a7f0f8e29f4ed0f3f01a534a7c55cf12b133b2ae7fef36665c,7454,exact_match
external/score-sde-reproduction/score_sde,utils.py,external/score-sde-reproduction/score_sde/utils.py,100644,905d7de7c46f9a2bab228a954986088aa20a1968,a03fb409a76848ec81652aeafaa1c092d7d537fd30c2b48d95bb6baed483bba5,3987,exact_match
external/score-sde-reproduction,setup_env.sh,external/score-sde-reproduction/setup_env.sh,100644,dd573198c5920e6700d67133f7a8388e65c1e14c,8c11d1a4dd969333fdb87f1b11e173c1f13e1d3c7cdda18d3ec114617cba739e,619,exact_match
