kind,actual_update,seconds,loss,elapsed_seconds
train,23,103.60697737499959,0.9648630619049072,108.21784420899985
train,24,4.2691678330002105,1.0195531845092773,112.50810070899934
train,25,4.062156707999748,1.051191806793213,116.59678424999947
train,26,4.098074583000198,1.0196655988693237,120.70660445900012
train,27,4.056698374999542,1.0125327110290527,124.77165950000017
train,28,4.069009791999633,0.984938383102417,128.84990470899993
train,29,4.051686083000277,1.0107641220092773,132.91000166699996
train,30,4.079795582999395,0.9861320853233337,136.99730154200006
train,31,4.080236832999617,0.9929544925689697,141.08620891699957
train,32,4.099200416000713,1.006699800491333,145.19387679200008
train,33,4.106623624999884,0.9931322336196899,149.30887995899957
train,34,4.316073250000045,1.0263187885284424,153.6339990839997
train,35,4.383192499999495,0.9866430163383484,158.03083474999949
train,36,4.16756154199993,0.9737269878387451,162.20564229199954
train,37,4.165978834000271,0.9579338431358337,166.38181916699978
train,38,4.6168760829996245,1.0143544673919678,171.0091361249997
train,39,5.895242707999387,1.001504898071289,176.91225424999993
train,40,4.228668957999616,0.997712254524231,181.1487318339996
train,41,4.218087124999329,0.9954664707183838,185.3763644589999
eval,41,6.751542291000078,1.0435913801193237,192.23826791699958
train,42,4.329242208999858,0.9926007986068726,196.57176062500002
train,43,4.187325124999916,0.9505419731140137,200.797063084
train,44,4.151578957999845,1.028838872909546,204.95947020899985
train,45,4.3221470830003454,0.9938074350357056,209.29151441700014
train,46,4.193974249999883,0.9573389291763306,213.4948370000002
train,47,4.164453500000491,0.9849677085876465,217.66794633399968
train,48,4.21180033300061,0.9534994959831238,221.88818133399946
train,49,4.188950042000215,0.9825681447982788,226.08688358400013
train,50,4.1816714579999825,0.9798398017883301,230.27708100000018
train,51,4.203258458999699,0.9407273530960083,234.48982258399974
train,52,4.341489374999583,1.0324000120162964,240.73587883399978
train,53,4.202551375000439,0.9691573977470398,244.94675362499947
train,54,4.209434667000096,0.9967953562736511,249.1637611669994
train,55,4.1971817499998,1.0469309091567993,253.3725332089998
train,56,4.228951874999439,0.9623833894729614,257.60940387499977
train,57,4.233061916000224,1.0335376262664795,261.85175937499935
train,58,4.216669292000006,0.9683694243431091,266.07715199999984
train,59,4.25675770900034,0.9392802715301514,270.3442858339995
train,60,4.222312707999663,0.9742782115936279,274.5780801669998
train,61,4.232322500000009,1.0381039381027222,278.82055537499946
eval,61,0.14799004100041202,1.0328381061553955,278.9780854999999
train,62,4.238154542000302,0.9823811054229736,283.2174473340001
train,63,4.244528583999454,0.9892873764038086,287.48085091699977
train,64,4.221666917000221,0.9789538383483887,291.71364379199986
train,65,4.238424999999552,0.976987361907959,295.96313887499946
train,66,4.219658833000722,1.0381203889846802,300.1936870419995
train,67,4.247019792000174,0.9877676963806152,304.4524114169999
train,68,4.2447144580000895,0.98017418384552,308.7080960839994
train,69,4.273050375000821,1.004551887512207,312.9921795419996
train,70,4.315061125000284,1.0076124668121338,317.31803554199996
train,71,4.49459937499978,0.9988428950309753,321.8236352089998
train,72,4.291337750000821,0.9838568568229675,326.124508459
train,73,4.3011150830006954,0.9829921722412109,330.4368353339996
train,74,4.261126792000141,1.010136365890503,334.7079404999995
train,75,4.563748583000233,0.9549972414970398,339.2826718340002
train,76,4.238972541000294,0.9528977870941162,343.5330180000001
train,77,4.282631208000566,0.9546863436698914,347.826545375
train,78,4.338105042000279,1.0301719903945923,352.1756556669998
train,79,4.302192666999872,0.9969329833984375,356.48713687500003
train,80,4.242537209000147,0.9663426280021667,360.74266945899944
train,81,4.298622332999912,0.9735153913497925,365.05207100000007
eval,81,0.1500107920001028,0.9963998794555664,365.21426862499993
train,82,4.433185792000586,1.0028518438339233,369.65091020899945
train,83,4.291236416999709,0.9881350994110107,373.9916839589996
train,84,4.295662333000109,0.9309744834899902,378.29938733400013
train,85,4.279962124999656,0.9901776313781738,382.5905992500002
train,86,4.27970541600007,0.9541553258895874,386.88127958399946
train,87,4.2938693749993035,0.9654151201248169,391.18511579200003
train,88,4.311859124999501,0.9714676737785339,395.5076302919997
train,89,4.275126582999292,0.9853355884552002,399.79328149999947
train,90,4.284769416999552,0.9613765478134155,404.08785850000004
train,91,4.2960208750000675,1.0198339223861694,408.39468637499976
train,92,4.32320958299988,0.9517230987548828,412.7283822919999
train,93,4.371095374999641,0.9940383434295654,417.10995074999937
train,94,4.32313774999966,0.9590556025505066,421.44375641699935
train,95,4.34173283400014,0.9332467317581177,425.79603545899954
train,96,4.338241208999534,0.9634981155395508,430.1448005839993
train,97,4.296154833999935,0.9240992069244385,434.45127774999946
train,98,4.314713624999968,0.9733625650405884,438.7761236669994
train,99,4.305568583000422,0.964085578918457,443.092327417
train,100,4.324118042000009,0.9449597597122192,447.4268233339999
train,101,4.305240749999939,0.9593440294265747,451.7422354999999
eval,101,0.2678113330002816,1.0327234268188477,452.9486589170001
train,102,4.408349958000144,0.9954088926315308,458.4846371249996
train,103,4.310313749999295,0.9628695249557495,462.820601292
train,104,4.311946667000484,0.9473799467086792,467.1414909589994
train,105,4.301680415999726,1.0092411041259766,471.4515778340001
train,106,4.335585167000318,0.9760603308677673,475.79468958399957
train,107,4.57902891699996,0.9744638204574585,480.383136292
train,108,4.419108499999311,0.9483990669250488,484.8111545419997
train,109,4.488808750000317,0.9479200839996338,489.3085946249994
train,110,4.415004916000726,0.9892372488975525,493.73175566699956
train,111,4.642959290999897,0.9359726905822754,498.38290874999984
train,112,4.503485125000225,0.93855881690979,502.9088867499995
train,113,4.377299958000549,0.9591047167778015,507.29762966699946
train,114,4.353113332999783,0.9402303695678711,511.6620884169997
train,115,4.423930707999716,0.9721252918243408,516.0981192919999
train,116,4.393494750000173,0.9416348934173584,520.5025727499997
train,117,4.370919416999641,0.8721293210983276,524.8842999589997
train,118,4.349626000000171,0.9313535094261169,529.2453051249995
train,119,4.37585558399951,0.9255551099777222,533.6326873339995
train,120,4.38437016700027,0.9880433082580566,538.0273371249996
train,121,4.384081917000003,0.9811054468154907,542.4214279589996
eval,121,0.1527883329999895,0.9975162744522095,542.5851674169999
train,122,4.35542549999991,0.9701499938964844,546.9419189169994
train,123,4.4144436670003415,0.968829333782196,551.3868165419999
train,124,4.465249500000027,0.8951656222343445,555.8635214169999
train,125,4.358413250000012,0.9366241693496704,560.231782584
train,126,4.361217042000135,0.988640308380127,564.6038507089997
train,127,4.3716332089998104,0.9410994052886963,568.9864092090002
train,128,4.360600916999829,0.9737590551376343,573.3570596250001
train,129,4.325302291999833,0.9404090642929077,577.6924201669999
train,130,4.349184415999844,0.9757521152496338,582.0520955419997
train,131,4.357115374999921,0.9479729533195496,586.41960225
train,132,4.347965250000016,0.9337430000305176,590.7782243339998
train,133,4.3565971250000075,0.9614593386650085,595.1454341669996
train,134,4.523447083999599,0.9248716235160828,599.6796841249998
train,135,4.395213667000462,0.9459929466247559,604.0878982499999
train,136,4.409357333000116,0.9360489249229431,608.5088006249998
train,137,4.41608104199986,1.0022897720336914,612.9364247499998
train,138,4.461187875000178,0.8696949481964111,617.4083176670001
train,139,4.369039041999713,0.9463300108909607,621.7901110419998
train,140,4.347221208000519,0.9360576868057251,626.1488209170002
train,141,4.381123332999778,0.933639645576477,630.5400989589998
eval,141,0.1516555830003199,0.9968589544296265,630.703323709
train,142,4.36997616699955,0.9245543479919434,635.0745602500001
train,143,4.360662999999477,0.9085558652877808,639.4635336669999
train,144,4.37049720899995,0.9213744401931763,643.8446711249999
train,145,4.405406249999942,0.8917362093925476,648.2612698749999
train,146,4.389432041999498,0.9183480143547058,652.6623986249997
train,147,4.40938904199993,0.9151296019554138,657.081657709
train,148,4.433324749999883,0.9041874408721924,661.5261629999995
train,149,4.442421208000269,0.8910984396934509,665.979509625
train,150,4.468309958000646,0.9047971963882446,670.4582707499994
train,151,4.4691702500003885,0.9120393991470337,674.9387292920001
train,152,4.405855957999847,0.9119317531585693,681.3853894169997
train,153,4.600194083000133,0.9025172591209412,685.9958972499999
train,154,4.605942250000226,0.9058327078819275,690.637751792
train,155,4.501637416000449,0.8975922465324402,695.15248625
train,156,4.525361332999637,0.8193851709365845,699.6880864999994
train,157,4.522717499999999,0.9178400039672852,704.221738792
train,158,4.5270733330007715,0.9225351810455322,708.7587563749994
train,159,4.531262333000086,0.8939163088798523,713.3000551670002
train,160,4.540625624999848,0.8751257658004761,717.8502094589994
train,161,4.514827417000561,0.8846230506896973,722.3749546669997
eval,161,0.1525679169999421,0.9535908102989197,722.5368971669996
train,162,4.566211874999681,0.8860734701156616,727.1044052090001
train,163,4.579287542000202,0.9059436321258545,731.6984523339997
train,164,4.540304666999873,0.9124608039855957,736.250231084
train,165,4.566236208000191,0.9111588001251221,740.8271220420002
train,166,4.552342332999615,0.8979772329330444,745.3899817499996
train,167,4.5587452500003565,0.8299120664596558,749.9596673750002
train,168,4.691466790999584,0.9098700284957886,754.6619549589996
train,169,4.705704916000286,0.9161285758018494,759.3786555420002
train,170,4.569405666999955,0.9002465605735779,763.9578729169998
train,171,4.60103858399998,0.9059075713157654,768.5699907919998
train,172,4.554020792000301,0.8716453909873962,773.1344654999994
train,173,4.668963624999378,0.8752431273460388,777.8147144169998
train,174,4.642530041999635,0.9023288488388062,782.4679798749994
train,175,4.603976166000393,0.8666969537734985,787.0824420419995
train,176,4.610340666999946,0.8833915591239929,791.7038428750002
train,177,4.661736625000231,0.8761732578277588,796.3765961669997
train,178,4.636159874999976,0.9223551750183105,801.0233566669995
train,179,4.915377583000009,0.9905633926391602,805.9499631669996
train,180,4.707414583000173,0.8899137377738953,810.6664562919996
train,181,4.836928416999399,0.8372268080711365,815.5145335839998
eval,181,0.1686711660004221,0.9887334704399109,815.6941120000001
train,182,4.938616249999541,0.901699960231781,820.634260459
train,183,4.674497999999403,0.8397392630577087,825.3359289589998
train,184,4.678507374999754,0.8348817825317383,830.0265438749993
train,185,4.629758250000123,0.8608794212341309,834.6733327920001
train,186,4.683705665999696,0.8527345061302185,839.3688953749997
train,187,4.6838380829995,0.8529390692710876,844.0634865840002
train,188,4.636936625000089,0.8605894446372986,848.711633334
train,189,4.720767917000558,0.8546704649925232,853.4443020419994
train,190,4.687956540999949,0.828001856803894,858.1430360839995
train,191,4.672708750000311,0.8559746146202087,862.8270938340002
train,192,4.670151667000027,0.9068082571029663,867.5084526249993
train,193,4.702764166999259,0.8329009413719177,872.2226689170002
train,194,4.753270375000284,0.8669833540916443,876.9876952919994
train,195,4.910323000000062,0.8615831732749939,881.909359792
train,196,4.748547916999996,0.8446171283721924,886.6693277919994
train,197,4.807631832999505,0.8290311098098755,891.4886018749994
train,198,4.874321041999792,0.8543037176132202,896.374352584
train,199,4.871533083000031,0.85223388671875,901.2582097919994
train,200,4.799314791000143,0.8441149592399597,906.0694031249996
